開始時刻,終了時刻,発言者,発言内容
00時06分54秒,00時06分56秒,E342TAN001,遅くなって申し訳ございません。よろしくお願いいたします。
00時06分56秒,00時06分59秒,株式会社VOLTMIND 長富元気,お世話になってます。よろしくお願いいたします。
00時06分59秒,00時07分01秒,株式会社VOLTMIND 長富元気,初めまして。ボルトマインクの。
00時07分01秒,00時07分03秒,E342TAN001,申し訳ありません。ちょっと遅れてしまいまして。
00時07分03秒,00時07分13秒,株式会社VOLTMIND 長富元気,大丈夫です。えっとち、あの弊社からもあのあとあの入室してくるんですけど、ちょっと今ズームが重たいらしくてなかなか入れないみたいな。
00時07分13秒,00時07分13秒,E342TAN001,はい、承知しました。
00時07分13秒,00時07分17秒,E342TAN001,もう、でも全然先に始めちゃってもいいかなとは思っておりますので、
00時07分17秒,00時07分19秒,E342TAN001,はい、よろしくお願いいたします。
00時07分19秒,00時07分22秒,株式会社VOLTMIND 長富元気,本日はお時間いただいてありがとうございます。
00時07分22秒,00時07分24秒,E342TAN001,こちらこそありがとうございます。お忙しい中ありがとうござい。
00時07分24秒,00時07分31秒,株式会社VOLTMIND 長富元気,でもないです。えっと、レディクルさんから事前に情報等はいただいておりまして。
00時07分31秒,00時07分31秒,E342TAN001,はいです。
00時07分31秒,00時07分34秒,株式会社VOLTMIND 長富元気,あの弊社がレディクルさんこう
00時07分34秒,00時07分37秒,株式会社VOLTMIND 長富元気,使わせていただくのがあまりまだ慣れてなくてですね。
00時07分37秒,00時07分38秒,E342TAN001,あ、そうなんですね。
00時07分38秒,00時07分44秒,株式会社VOLTMIND 長富元気,もっとこうした方がいいとかあれば、もし全然気兼ねなく言っていただけると幸いです。
00時07分44秒,00時07分46秒,E342TAN001,はい、承知しました。ありがとうございま。
00時07分46秒,00時07分52秒,株式会社VOLTMIND 長富元気,ます。そうですね。まずは簡単に弊社の自己紹介だけさせていただいてもよろしいでしょうか？
00時07分52秒,00時07分53秒,E342TAN001,はい、よろしくお願いいたします。
00時07分53秒,00時07分57秒,株式会社VOLTMIND 長富元気,ありがとうございます。じゃあちょっと画面共有をさせていただきます。
00時07分57秒,00時07分57秒,E342TAN001,ほいっ。
00時07分59秒,00時08分00秒,株式会社VOLTMIND 長富元気,よいしょ。
00時08分00秒,00時08分06秒,株式会社VOLTMIND 長富元気,今こちらのグーグルのグーグルスライドの方を見れておられますでしょうか？
00時08分06秒,00時08分08秒,E342TAN001,はい、見えてます。
00時08分08秒,00時08分22秒,株式会社VOLTMIND 長富元気,ありがとうございます。えっと、弊社え。株式会社ボルトマインドと申します。で、えっと、主にやってることとしては、特にaiのえaiを活用したソリューションっていうところをえ、メインに事業としてやらせていただいております。
00時08分22秒,00時08分23秒,E342TAN001,はーい。
00時08分23秒,00時08分38秒,株式会社VOLTMIND 長富元気,えっと、ま、会社のメッセージとしてはえっとま生成aiを使って社会であったり人の可能性を広げるっていうところをビジョンに掲げて、えー様々事業を進めておりまして。で、えっと、今会社としてはえっとまた説明
00時08分38秒,00時08分39秒,株式会社VOLTMIND 長富元気,そうなんです。
00時08分39秒,00時08分40秒,株式会社VOLTMIND 長富元気,ありがとうござ。
00時08分40秒,00時08分40秒,E342TAN001,すいません。はい。
00時08分40秒,00時09分02秒,株式会社VOLTMIND 長富元気,すいません。えー、設立してまだそこまであの比はえー、浅いのですけれど、も今あ、のvcあ、ベースベンチャーズ様っていうとこvcえー。ベ。ン。チャーキャピタルの方から、あの資本金としてあのー100,000,000円出資いただいておりまして。え、今現在資本金はえ100,030,000円といったえー、ところでやらせていただいております。
00時09分03秒,00時09分21秒,株式会社VOLTMIND 長富元気,で、えっと、経営陣に関してなんですけれども、え、この北森左側にえー、移っているキタモリという男がえっとま、代表取締役でして、えっと、もともと学生起業した時の会社を。え、今ドーナツっていうあのジョブ館とか運営されて。
00時09分22秒,00時09分38秒,株式会社VOLTMIND 長富元気,たまに売却をしたっていう経験があるものが、代表をやっております。この取締役の山本というものが、もともと日本で初めて仮想通貨のマイニングの工場を日本で初めて作った男になった。
00時09分38秒,00時09分39秒,E342TAN001,へぇー。
00時09分39秒,00時10分05秒,株式会社VOLTMIND 長富元気,で。なので、その時のそのまマイニングをするにあたってめちゃくちゃ高性能なgpuがたくさん必要なんですけど、それをあの山本がもともとえ個人としてあの自分でやっていたところで、このボルトマインドとしてジョインしたので、え？弊社がこうかなり生成aiを活用した。あのー、活用するにあたってそのgpuをめちゃくちゃこう活用してるっていうところが背景としてあります。
00時10分05秒,00時10分24秒,株式会社VOLTMIND 長富元気,で、えっと、こちらの取締役の長野さんという方がえっと、こちら側のvcの方で取締役としてはいら。えー、入っていただいておりまして、えー、こちらの監査役のオーバー様という方が、あのまいろんな会社の上場をあのお手伝いしたっていう経歴のある方が監査役として入らせていただいております。はい、
00時10分25秒,00時10分35秒,株式会社VOLTMIND 長富元気,今いろんな事業を弊社ではやっているんですけれども、一番ポイント。今回の特に
00時10分36秒,00時10分42秒,株式会社VOLTMIND 長富元気,なんですかね。肝というか今回対象となるのがこの。Aiのシステム開発事業っていうところで。
00時10分42秒,00時11分11秒,株式会社VOLTMIND 長富元気,ま、既存のシステム開発ってやっぱりどうしてもこうかなりの時間をかけて、えー、たくさんのエンジニアを投入してえ？やるっていうシステム開発が今まで一般的だったのかなと思ですけれども、あの弊社ではもうあの高性能なaiを活用してえー。まエンジニアの工数をかなり削減して、なおかつあの費用も抑えつつえ、納期も短く対応するっていうところに特に注力をしたシステム開発というのをやらせていただいております。
00時11分11秒,00時11分32秒,株式会社VOLTMIND 長富元気,で、えっと、まそれ以外にもあの生成ai。のエンジニアコミュニティみたいなえものもえ。弊社で抱えておりまして、えま。約今10,000人くらいのエンジニアコミュニティでえっとま弊社で保有しているgpuサーバーとかを、そのコミュニティ内のエンジニアの方にあのこれ使いたいです。っていう方がいたら、あの、もう無償で提供しちゃってで。
00時11分32秒,00時11分32秒,E342TAN001,そこで。
00時11分32秒,00時11分51秒,株式会社VOLTMIND 長富元気,で、あのいろんな技術を研究したり開発したりっていうところのノウハウをあのこちらにあのま無償で使ってもらう代わりに、そのノウハウであったり、研究っていうのも、あのちょっとこうご共有してもらうみたいな。そういった座組であのエンジニアコミュニティっていうのもやらせていただいております。
00時11分52秒,00時12分08秒,株式会社VOLTMIND 長富元気,で、えっと今まで取引先企業で言うと、えっとま、大きいところで言うと、このサニックスさんっていうま。上場企業の会社様の今、基幹システムをえー完全に作り直すっていうところを今ちょうどあのプロジェクトとして進んでいるところでして、
00時12分08秒,00時12分33秒,株式会社VOLTMIND 長富元気,20年前に作った基幹システムをもう一から再構築し直すみたいな。結構大規模なプロジェクトを今進行中であったりとか。あとはルテリアさんであったり、ピクトリアさんっていうベンチャー企業なんですけど、かなりaiに力を入れている会社様に自社でも保有しているgpuサーバー等を貸し出したりとか。してます。
00時12分33秒,00時12分33秒,E342TAN001,ちょっち。
00時12分34秒,00時12分36秒,株式会社VOLTMIND 長富元気,みたいなこともやらせていただいております。
00時12分37秒,00時12分37秒,E342TAN001,はーい。
00時12分39秒,00時12分58秒,株式会社VOLTMIND 長富元気,で、えっとま、ちょっとこのあたりは割愛させていただいて、えっとま、具体的なこうどんなことやってきたかのところだけちょっさらっとお話できればと思ってまして、こちらが先ほどあのサニックス様のお話になるんですけれども、えっと、ソニックスさんがもう今社員で言うと2000人超ええ。
00時12分59秒,00時13分15秒,株式会社VOLTMIND 長富元気,上場企業の会社様で、20年前に作った基幹システムなので、どうしても現場のやり方と乖離したりとか？あとは効率的なそのシステムを使うにはちょっと回りくどい手順が必要だったり。
00時13分15秒,00時13分16秒,E342TAN001,はい。はい。
00時13分16秒,00時13分22秒,株式会社VOLTMIND 長富元気,現場にちょっと即してないような。もうシステムになってしまっているっていう背景があって、そこでも
00時13分22秒,00時13分39秒,株式会社VOLTMIND 長富元気,あの、じゃあまるっと、えっと、弊社でえー。要件定義からもうあのはい入らせていただいてえまるっと作り変えるっていうところを今あの進めております。で、ここはもう。あの週二であの担当者二名があの福岡に福岡のソニックス本社に
00時13分39秒,00時14分03秒,株式会社VOLTMIND 長富元気,もう伺わせていただいて、現地の具体的にどんなことをやっているのかっていうところも、社員さんと密にコミュニケーションを取りながら進めているっていうところで、やっぱり作って全然現場に即してないものを作っちゃうのが一番意味がな。いというか、もったいない。本当に現場の声っていうのをしっかり聞いた上で今プロジェクトとして進めているといったところになっています。
00時14分03秒,00時14分17秒,株式会社VOLTMIND 長富元気,で、こちらもあのかなりaiを活用して開発をしていくっていうところがあるので、え？もう開発工数で言うと他の会社様からあいみつとかも取られてたらしいんですけれども。
00時14分17秒,00時14分24秒,株式会社VOLTMIND 長富元気,他の会社と比べて開発工数で言うと、もう50%。半分以下になっていて。
00時14分24秒,00時14分25秒,E342TAN001,どうもう。
00時14分25秒,00時14分36秒,株式会社VOLTMIND 長富元気,-30%くらいだったという話を後から伺ってまして、ま、それくらい。やっぱりai活用すると、効率的にえー、プロジェクトを進めることができるっていうところがあるのかなと思ってます。
00時14分37秒,00時15分01秒,株式会社VOLTMIND 長富元気,で、あとはえっと、これはちょっと基幹システムであったり、業務効率化、ま。業務効率化的な側面はあるんですけど、この薬化gptっていうのも弊社で開発しておりまして、こちらがですねえと、薬剤師の方の業務効率化をするっていう名目で、あの作成させていただいたai。を使ったチャットシステムになります。
00時15分02秒,00時15分04秒,株式会社VOLTMIND 長富元気,具体的なイメージで言いますと、
00時15分05秒,00時15分07秒,株式会社VOLTMIND 長富元気,ちょうど今これ、僕の
00時15分07秒,00時15分09秒,株式会社VOLTMIND 長富元気,僕も登録してまして。
00時15分09秒,00時15分10秒,E342TAN001,ありがとうござ。
00時15分10秒,00時15分11秒,株式会社VOLTMIND 長富元気,来るかなっていう。
00時15分12秒,00時15分22秒,株式会社VOLTMIND 長富元気,これ。裏側でチャッ。トgptのapiを使っていて一番モデルが高い4.5。ですね。と。
00時15分22秒,00時15分31秒,株式会社VOLTMIND 長富元気,させていて、薬剤師が普段の薬剤業務の中でいろんな相互作用を調べたりだとか。
00時15分31秒,00時15分32秒,E342TAN001,ありがと
00時15分32秒,00時15分42秒,株式会社VOLTMIND 長富元気,報告書を作ったりする必要があるらしいんですけど、ま、そういったところの業務効率化をお手伝いするえ、チャットボットっていうところもあの弊社で作成させていただきました。
00時15分46秒,00時16分01秒,株式会社VOLTMIND 長富元気,で、えーと、あとはあとちょっと近しいところで言いますと、えっと、これは不動産の会社様向けに作ったシステムなんですけれども、えー、その不動産会社が学生スタッフの方がかなり多いらしくてですね。
00時16分01秒,00時16分19秒,株式会社VOLTMIND 長富元気,で、えっと、そこのこう教育コストみたいなところはかなりかかっているっていうお話がありました。で、そこで、あのもうai。を使って学生がこうじ自分でこう不動産のことを勉強できるであったりとか。あと、なので宅建の勉強とかも結構あのー
00時16分19秒,00時16分29秒,株式会社VOLTMIND 長富元気,やりたいと思う人多いらしいんですけど、その宅建の勉強のai。をもあのこのプラットフォーム上で使える。みたいなものも作成させていただきました。これ、あの、
00時16分29秒,00時16分31秒,株式会社VOLTMIND 長富元気,これなんですけど、実際
00時16分32秒,00時16分33秒,株式会社VOLTMIND 長富元気,えっとですね。
00時16分33秒,00時16分33秒,E342TAN001,はい。はい。
00時16分33秒,00時16分40秒,株式会社VOLTMIND 長富元気,ログインすると、まぁこんな形で学生ユーザー。今僕が学生ユーザーとしてログインしてまして。
00時16分40秒,00時16分40秒,E342TAN001,はい。はい。
00時16分40秒,00時16分51秒,株式会社VOLTMIND 長富元気,ま、こんな感じで、なんかいろんな専門家っていうものがあって、例えばビジネスマナーであったり、タスク管理であったり、あとは不動産の営業の全般であったりとかあと。
00時16分51秒,00時16分51秒,E342TAN001,宅、建物。
00時16分51秒,00時17分06秒,株式会社VOLTMIND 長富元気,勉強みたいな。こういったあのま専門家aiと呼ばれる概念をあのま管理者側自由に作ることができて、そのどういう振る舞いをするかみたいなところも。管理者側は設定できるっていう
00時17分06秒,00時17分07秒,株式会社VOLTMIND 長富元気,感じになってます。
00時17分08秒,00時17分08秒,E342TAN001,うーん。
00時17分08秒,00時17分09秒,株式会社VOLTMIND 長富元気,ありがとうござ。
00時17分09秒,00時17分16秒,株式会社VOLTMIND 長富元気,学生ユーザーさんなので、就職支援とかも結構興味関心の中には入っているので。
00時17分16秒,00時17分17秒,E342TAN001,そうですね。
00時17分17秒,00時17分26秒,株式会社VOLTMIND 長富元気,こういうとこ行きたいんだよね？みたいな質問を就職支援アドバイザーに聞くことによって、あなたのこういう強みならこの会社がいいんじゃない？とか。
00時17分26秒,00時17分27秒,E342TAN001,へぇー。
00時17分27秒,00時17分35秒,株式会社VOLTMIND 長富元気,年収順で並べたらこういう会社いいよねみたいな。そういうのもそういったものを提示してくれるっていうaiを作ってます。
00時17分35秒,00時17分43秒,株式会社VOLTMIND 長富元気,でこれがですね。結構今回ちょっと、ちょっ。まあ完全にドンピシャではないんですけど、ちょっと近しい部分あるかなっていうのが。
00時17分43秒,00時17分49秒,株式会社VOLTMIND 長富元気,この知識ベースという項目でこういう感じでファイルをアップロードできるようにしてまして。
00時17分49秒,00時17分50秒,E342TAN001,はーい。
00時17分50秒,00時18分00秒,株式会社VOLTMIND 長富元気,例えば、この一つの会社ごとに一個一個のファイルを落としたとして、例えば今これ。株式会社ガーベラっていうのが入ってるんですけど。
00時18分00秒,00時18分00秒,E342TAN001,はい。はいはい。
00時18分00秒,00時18分06秒,株式会社VOLTMIND 長富元気,これを例えば学生が就職支援アドバイザーで
00時18分06秒,00時18分09秒,株式会社VOLTMIND 長富元気,株式会社ガーベラについて欲しいです。
00時18分10秒,00時18分11秒,E342TAN001,みたいなこと。
00時18分11秒,00時18分17秒,株式会社VOLTMIND 長富元気,音を聞いたときに、アップロードしたファイルの情報をベースにaiが回答するっていうことが。
00時18分18秒,00時18分24秒,株式会社VOLTMIND 長富元気,いるので、今回その社内のそのナレッジの共有であったりとか、
00時18分24秒,00時18分30秒,株式会社VOLTMIND 長富元気,既存の。その。すでに管理しているファイルの情報をもとに回答を作るみたいな。
00時18分30秒,00時18分31秒,E342TAN001,はい。はいはい。
00時18分31秒,00時18分33秒,株式会社VOLTMIND 長富元気,言うとかなり近しいのかな？と
00時18分33秒,00時18分35秒,株式会社VOLTMIND 長富元気,しているところでございます。
00時18分36秒,00時18分47秒,株式会社VOLTMIND 長富元気,でえっと、ごめんなさい。ちょっとバーっと喋っちゃったんですけど、一旦かなりこう関連性が強そうなところで言うと、そういったところが弊社としては、今まで作ってきたものになっております。
00時18分47秒,00時18分49秒,E342TAN001,はい、ありがとうございま。
00時18分49秒,00時18分52秒,株式会社VOLTMIND 長富元気,ありがとうございます。ちょっと共有停止して。
00時18分52秒,00時18分53秒,E342TAN001,ありがとうござ。
00時18分53秒,00時19分01秒,株式会社VOLTMIND 長富元気,で、えっと、一旦その中でデニーレディクルさんから情報はご共有
00時19分02秒,00時19分03秒,株式会社VOLTMIND 長富元気,させていただいてるんですけれども。
00時19分03秒,00時19分04秒,E342TAN001,はい。はい。
00時19分04秒,00時19分16秒,株式会社VOLTMIND 長富元気,えっと、ま、今回やりたいことっていうところがえっと一言で言うと、えー、社内のチャットボットを開発して業務を効率化するっていうところなのかなと思っています。
00時19分16秒,00時19分17秒,E342TAN001,そうですね。はいはい。
00時19分18秒,00時19分19秒,吉武克のiPad,すいません。遅れました。
00時19分19秒,00時19分20秒,E342TAN001,よろしくお願いします。
00時19分20秒,00時19分22秒,吉武克のiPad,ボルトマンの吉武と申します。
00時19分22秒,00時19分25秒,E342TAN001,あ、ビッグジャパンの種と申します。よろしくお願いします。
00時19分25秒,00時19分26秒,株式会社VOLTMIND 長富元気,よろしい。
00時19分26秒,00時19分27秒,吉武克のiPad,すいません。届けてください。
00時19分27秒,00時19分42秒,株式会社VOLTMIND 長富元気,はい、ありがとうございます。でえっとま、今回そのチャットボットを開発するにあたって、えっとま、現状で、その社内のマニュアルであったりとかえ、ナレッジの共有みたいなところをえっと、なんだっけ？シェアポイントを使われて。
00時19分42秒,00時19分44秒,E342TAN001,はい、やっている
00時19分44秒,00時19分45秒,E342TAN001,そうですね。はい。
00時19分45秒,00時19分55秒,株式会社VOLTMIND 長富元気,で、えっと、そうですね。ちょっとざっくばらんにいろいろこう。どんなシステムを作っていくべきかっていうところの解像度を上げるために、いろいろこうご質問させていただければ。
00時19分55秒,00時19分57秒,E342TAN001,あ、はい、お願いします。はい。
00時19分58秒,00時20分00秒,株式会社VOLTMIND 長富元気,ありがとうございます。越冬
00時20分00秒,00時20分04秒,株式会社VOLTMIND 長富元気,そうですね。まず今回。えっと、
00時20分04秒,00時20分10秒,株式会社VOLTMIND 長富元気,今回のプロジェクトのその前提であったり、ゴールみたいなところの整理をさせていただきたいんです。けれども。
00時20分10秒,00時20分11秒,E342TAN001,はい。
00時20分11秒,00時20分15秒,株式会社VOLTMIND 長富元気,今回、業務効率化、生産性の向上みたいな
00時20分16秒,00時20分30秒,株式会社VOLTMIND 長富元気,目的があったときに、具体的にどんな状態になったらその達成したと言えるみたいな。例えば、その特定の問い合わせの対応。社内の問い合わせ対応が何パーセント減りましたとか。
00時20分30秒,00時20分31秒,E342TAN001,はあはあはあ。
00時20分31秒,00時20分40秒,株式会社VOLTMIND 長富元気,この作業をする時間が一ヶ月で何時間短縮できました。みたいな。例えばそういう定量的な目標とか、もしあるのであれば。
00時20分40秒,00時20分41秒,E342TAN001,はい。
00時20分41秒,00時20分43秒,株式会社VOLTMIND 長富元気,お伺いしたいなと思っておりまして。
00時20分43秒,00時20分59秒,E342TAN001,はい、ありがとうございます。ちょっとねその定量的な目標というのはすいません。今のところ立ててなくてざっくりとしたまー項目イメージみたいなゴールしか描いてないんですね。で、っていうのはちょっとこれには理由があって、今どれだけのこう、
00時20分59秒,00時21分00秒,E342TAN001,どんな種類、
00時21分01秒,00時21分05秒,E342TAN001,どういったタイプの情報を
00時21分05秒,00時21分06秒,E342TAN001,まあ
00時21分06秒,00時21分18秒,E342TAN001,読ませることができれば、ま、その外部にね。こう出すことができるかっていうのがまだ議論中。で、最初はなんかもう何でも出しちゃえよみたいな雰囲気だったんですけど、いやいやいやみたいな。まーうち本社がドイツで。
00時21分18秒,00時21分19秒,株式会社VOLTMIND 長富元気,はい。
00時21分19秒,00時21分43秒,E342TAN001,で本社の人間とやるとしたら、いやいや、ちょっと、その秘匿性高い情報を外部に出すのはどうかな？みたいな。こうま、結構コンサバな感じだったんで、じゃあちょっと方向変えるみたいな状況になってるっていうのは一つま背景にはあります。で、そういった状況背景の中で、今やろうとしていることは大きくは二つあります。一つはえっと、今おっしゃっていただいたような。えっと、社内のま、なんていうかな。ま、ルール
00時21分43秒,00時21分50秒,E342TAN001,規則的なところですね。そのま繰り返しの問い合わせがあって、それに対して特定の人間が何回も同じようなこう
00時21分50秒,00時21分54秒,E342TAN001,回答してる。それが日常業務の中で。
00時21分55秒,00時21分55秒,株式会社VOLTMIND 長富元気,ありがとうござ。
00時21分55秒,00時22分03秒,E342TAN001,どれぐらいのパーセントが把握してないんですけど、結構な割合としてあるようだと、そこをまなくしていくというのが一つのえっと、ターゲットです。
00時22分04秒,00時22分07秒,E342TAN001,で、もう一つの方は、えっと、
00時22分09秒,00時22分33秒,E342TAN001,もう一つのイメージは製品知識ですね。私ども製造業なんですけども。えっと、製品がものすごいたくさんの数あるんですよ。千個ぐらい多分あります。で、その製品の製品知識に対する理解度というのがやっぱり社員によって全然違ってます。そこを揃えていきたいなと思ってます。で、これは最終的にはお客様へのアウトプットの質を揃えたいとか。
00時22分33秒,00時22分35秒,E342TAN001,えっと、
00時22分35秒,00時22分50秒,E342TAN001,そうそうですね。アウトプットの質、ま提案の質みたいなのものをまよりなんていうかな、高いレベルに持っていきたいなというふうに考えてます。で、もっともっと加えて言うと、もうま、チャットボットみたいなものを具体的には考えてるんですけど、もうそんなのお客さんに使っていただいて。
00時22分50秒,00時22分51秒,株式会社VOLTMIND 長富元気,うーん。
00時22分52秒,00時22分53秒,E342TAN001,いわゆる。なんか聞いて
00時22分53秒,00時22分59秒,E342TAN001,お答えするみたいな作業っていうのはわざわざもう人間営業マンがやらなくてもいいんじゃないかっていうことを
00時22分59秒,00時23分01秒,E342TAN001,考えているというのが今のイメージです。
00時23分01秒,00時23分02秒,株式会社VOLTMIND 長富元気,なるほど。なるほど。
00時23分02秒,00時23分04秒,E342TAN001,はい、すいません。ちょっと全然定量じゃない。
00時23分04秒,00時23分04秒,株式会社VOLTMIND 長富元気,いやとんでもない。
00時23分04秒,00時23分05秒,E342TAN001,そういうことです。
00時23分05秒,00時23分12秒,株式会社VOLTMIND 長富元気,ありがとうございます。まずは社内で繰り返しの問い合わせであったりとか。あとは製品知識の解像度を上げるっていうところ。
00時23分12秒,00時23分13秒,E342TAN001,そうですね。
00時23分13秒,00時23分24秒,株式会社VOLTMIND 長富元気,ところをやりつつゆくゆくはお客様の対応みたいなところも効率化できたらいいよね。みたいな背景があるっていう理解でよろしかったでしょうか？
00時23分24秒,00時23分28秒,E342TAN001,そうですね。はい、効率化と。あともう一つは、やっぱリーチできてないお客さんにも
00時23分28秒,00時23分31秒,E342TAN001,こんなことできるんじゃないかということですね。
00時23分32秒,00時23分35秒,E342TAN001,しよ。たい人じゃなくても、勝手にお客さんが。
00時23分36秒,00時23分37秒,株式会社VOLTMIND 長富元気,ありがとうございます。
00時23分38秒,00時23分46秒,株式会社VOLTMIND 長富元気,そうですね。えっと、今えっと。じゃあちょっといろいろまたお聞きしていきたいところで、えっと、
00時23分46秒,00時23分55秒,株式会社VOLTMIND 長富元気,今回そのま大きく二つあるっていうお話だったと思ですけれども、これ強いて言うなら優先度つけるとどっちが上とかありますか？
00時23分57秒,00時23分59秒,株式会社VOLTMIND 長富元気,なければないで、もちろん同じ
00時23分59秒,00時24分03秒,株式会社VOLTMIND 長富元気,重要度としてシステム作ればいいと思ですけど。
00時24分03秒,00時24分05秒,E342TAN001,そうですね。まあ、強いて言うなら、
00時24分06秒,00時24分07秒,E342TAN001,社内の
00時24分07秒,00時24分12秒,E342TAN001,問い合わせ件数を減らすってことかなと思います。というのも
00時24分12秒,00時24分12秒,E342TAN001,ありがとうござい。
00時24分13秒,00時24分16秒,E342TAN001,情報共有のハードルが低そうだなと思うからです。
00時24分16秒,00時24分17秒,株式会社VOLTMIND 長富元気,なるほど。
00時24分19秒,00時24分21秒,E342TAN001,で効果も見えやすい
00時24分21秒,00時24分23秒,E342TAN001,っていうところですね。まあまあその分ちょっ。
00時24分24秒,00時24分31秒,E342TAN001,内容にパンチがないというか、若干そのコモデ。今コモニティかとまでは言えないですけど。はいあーっていう。
00時24分31秒,00時24分31秒,株式会社VOLTMIND 長富元気,ありがとうござ。
00時24分31秒,00時24分33秒,E342TAN001,感じにはなるかなとは思います。
00時24分34秒,00時24分36秒,株式会社VOLTMIND 長富元気,承知しました。ありがとうございます。
00時24分36秒,00時24分44秒,株式会社VOLTMIND 長富元気,えっと、今回お使いになられる。まず最初の想定は、あの長崎拠点の方の十名程度でお使い。
00時24分45秒,00時24分46秒,E342TAN001,今はそう考えてます。
00時24分46秒,00時24分51秒,株式会社VOLTMIND 長富元気,承知いたしました。その十人の方ってどういったその。
00時24分51秒,00時24分51秒,E342TAN001,はい。
00時24分51秒,00時24分55秒,株式会社VOLTMIND 長富元気,部署の方で役職の方でとかってお聞きしても。
00時24分55秒,00時24分58秒,E342TAN001,はい、全員あのいわゆる技術
00時24分59秒,00時25分05秒,E342TAN001,の部署に属しているもので、私どもラボですね。研究テクニカルセンターという名の
00時25分06秒,00時25分12秒,E342TAN001,研究室みたいなところになります。で、役職は部長から一般社員までってことで。
00時25分12秒,00時25分12秒,株式会社VOLTMIND 長富元気,ありがとうござ。
00時25分13秒,00時25分14秒,E342TAN001,えっと、部長は
00時25分15秒,00時25分19秒,E342TAN001,うちの会社で言うと、もう社長の次のポジションみたいな。ちっさん組織なので、
00時25分19秒,00時25分20秒,E342TAN001,なるほど。なるほど、
00時25分20秒,00時25分23秒,E342TAN001,結構だから、その階層は広い感じですね。
00時25分23秒,00時25分24秒,株式会社VOLTMIND 長富元気,あ。なるほど。なるほど。
00時25分25秒,00時25分27秒,E342TAN001,ただそうですね。十人ぐらいしかいないです。
00時25分29秒,00時25分31秒,株式会社VOLTMIND 長富元気,承知しました。はい。えっと、
00時25分38秒,00時25分41秒,株式会社VOLTMIND 長富元気,ありがとうございます。あとは
00時25分44秒,00時25分51秒,株式会社VOLTMIND 長富元気,あと具体的なこう利用シーンみたいなところをあの、もちろんあのお伝えいただける範囲で大丈夫なんですけれども。
00時25分51秒,00時25分52秒,E342TAN001,はい。はいはいはい。
00時25分52秒,00時25分54秒,株式会社VOLTMIND 長富元気,お伺いしてもよろしいでしょうか？
00時25分54秒,00時25分54秒,E342TAN001,はい、
00時25分54秒,00時25分57秒,E342TAN001,例えば社内のルールみたいなところで言うと。
00時25分57秒,00時25分58秒,株式会社VOLTMIND 長富元気,はい。
00時25分58秒,00時26分24秒,E342TAN001,めっちゃ具体的な例を挙げると海外出張行きました。帰ってきました。あれ？旅費の生産ってどうするんやったっけ？みたいなこのホテルとか。これなんか日付またいだ時の日当とか時差あった時の日当とかどうするんでしたっけ？みたいなのってやっぱあって、であ、いやだからどっかにあったはずで、その情報みたいなのをこうみんなのなんか調べに行って、なんか探してるだけでめっちゃ時間経ってるみたいな。そういった類いのはい、業務がある。はある。なんでその辺をなんかどっかでワンストップで
00時26分24秒,00時26分27秒,E342TAN001,回答を得られるようなものがあれば、まあかなり
00時26分27秒,00時26分30秒,E342TAN001,業務効率化できるんじゃないかなと思ってますんで、
00時26分30秒,00時26分39秒,E342TAN001,まあ、似たような似たような。というか、属性として同じような情報では、やっぱり機器がたくさんあるんですよね。あの分析機器とか。
00時26分39秒,00時26分39秒,株式会社VOLTMIND 長富元気,あーそう。
00時26分39秒,00時26分40秒,E342TAN001,あーとはい。
00時26分41秒,00時26分46秒,E342TAN001,で、機器操作の説明書ってやっぱ分厚くて。
00時26分46秒,00時26分47秒,株式会社VOLTMIND 長富元気,伸びて。
00時26分47秒,00時26分48秒,E342TAN001,読みにくくて。
00時26分49秒,00時26分55秒,E342TAN001,で目的の情報を探すのって結構大変なんで、そういったところも自然言語で質問できて、なんか回答みたいなのもらえたら。
00時26分55秒,00時26分56秒,株式会社VOLTMIND 長富元気,確かに。
00時26分56秒,00時26分58秒,E342TAN001,すごくみんな楽になるんじゃないかなと思います。
00時26分58秒,00時26分59秒,E342TAN001,はーい。
00時26分59秒,00時27分02秒,株式会社VOLTMIND 長富元気,もう目次から探すだけでも大変そうですもんね。
00時27分02秒,00時27分09秒,E342TAN001,そうなんですよね。まず、なんかあの、あれ、説明書どこ行ったみたいな時点で時間経っちゃってるみたいなところがあるので。
00時27分09秒,00時27分10秒,株式会社VOLTMIND 長富元気,ありがとうござい。
00時27分11秒,00時27分13秒,株式会社VOLTMIND 長富元気,もう一つ。はい、すいませ。
00時27分13秒,00時27分14秒,株式会社VOLTMIND 長富元気,なるほど。はい。
00時27分14秒,00時27分23秒,E342TAN001,まマニュアルとかルール系はそういったところでもう一つだから製品知識は特に。まあ新人の教育みたいなところに関することです。とか
00時27分23秒,00時27分23秒,E342TAN001,ありがとう。
00時27分23秒,00時27分26秒,E342TAN001,あるいはその年配者でも退職
00時27分26秒,00時27分27秒,E342TAN001,が近い。
00時27分27秒,00時27分40秒,E342TAN001,その社員のま知識をまどう伝えていくかというところ。ま、そのナレッジマネージメントみたいなところで活用できればなという風に思ってます。だからこっちはちょっと難易度高いかなという風にも。
00時27分40秒,00時28分01秒,株式会社VOLTMIND 長富元気,はい、感じてます。あ、承知いたしました。ありがとうございます。えっと、そしたら前者のマニュアルとかルール系のものに関してえ？それをあの調べ、調べる必要があると思ですけど、えっと、今ってどういった形式でそれを見ることが多いですか？そのファイルとして電子データになってるものが多いですか？それとも。
00時28分01秒,00時28分03秒,E342TAN001,フェースバイケースなんですけど。
00時28分03秒,00時28分03秒,株式会社VOLTMIND 長富元気,ありがとうござ。
00時28分03秒,00時28分10秒,E342TAN001,まず、社内の規則系は電子ファイルになっているものがほとんどです。もうほぼ百パーセントです。
00時28分10秒,00時28分11秒,株式会社VOLTMIND 長富元気,すいません。
00時28分11秒,00時28分12秒,E342TAN001,もう一つの
00時28分13秒,00時28分15秒,E342TAN001,キキスポーさん。マニュアル系は。
00時28分15秒,00時28分16秒,株式会社VOLTMIND 長富元気,はい。
00時28分16秒,00時28分18秒,E342TAN001,半分以上がやっぱ
00時28分18秒,00時28分20秒,E342TAN001,紙のあのファッシーです。
00時28分21秒,00時28分23秒,株式会社VOLTMIND 長富元気,上が紙。
00時28分27秒,00時28分32秒,E342TAN001,これはどんどん電子化されていくと思います。というのがどんどん機器が新しく更新されていくので、
00時28分33秒,00時28分35秒,E342TAN001,その仮面媒体のものって、やっぱ昔の。
00時28分37秒,00時28分38秒,E342TAN001,に限定されるかなと。
00時28分39秒,00時28分40秒,株式会社VOLTMIND 長富元気,あ、承知いたしました。
00時28分40秒,00時28分41秒,E342TAN001,思ってます。はい。
00時28分41秒,00時28分44秒,株式会社VOLTMIND 長富元気,ありがとうございます。
00時28分44秒,00時28分51秒,株式会社VOLTMIND 長富元気,そしたらちょうどその紙のお話になったのでお伺いさせていただきたいのが。
00時28分51秒,00時28分51秒,E342TAN001,はい。
00時28分51秒,00時28分54秒,株式会社VOLTMIND 長富元気,えっと、紙の
00時28分54秒,00時29分06秒,株式会社VOLTMIND 長富元気,に認識。えっと、紙媒体をえーま、社名かなんかをして、それを認識するみたいなところもえっとちらっと項目にあったかなと思ってまして、そのあたりについてもちょっと
00時29分06秒,00時29分09秒,株式会社VOLTMIND 長富元気,どんなイメージがあるかとかお伺いしてもよろしいでしょうか？
00時29分09秒,00時29分16秒,E342TAN001,そうですね。あの紙媒体を喋れっていうのは、むしろ、後者のナレッジマネージメント系の方で。
00時29分16秒,00時29分16秒,株式会社VOLTMIND 長富元気,あーなるほど。
00時29分16秒,00時29分18秒,E342TAN001,はい、その
00時29分19秒,00時29分24秒,E342TAN001,一見レポートだったり、その昔の技術資料みたいな。
00時29分24秒,00時29分27秒,E342TAN001,なんかもう手書きのものとかあったりとか
00時29分27秒,00時29分27秒,E342TAN001,はい。
00時29分27秒,00時29分28秒,吉武克のiPad,そうなんですよ。
00時29分28秒,00時29分29秒,E342TAN001,なんかの
00時29分29秒,00時29分30秒,E342TAN001,こう
00時29分30秒,00時29分34秒,E342TAN001,なんていうかな。スライドをなんか、もうプリントアウトした
00時29分34秒,00時29分36秒,E342TAN001,ハードコピーだけのものだったりとか。
00時29分37秒,00時29分37秒,株式会社VOLTMIND 長富元気,はい。
00時29分37秒,00時29分40秒,E342TAN001,みたいなものがあったりするんで。
00時29分40秒,00時29分47秒,E342TAN001,まあ正直ね、もうそれはもう古い情報やから、もう。諦めて損切りしようよっていう考え方もあるんですけど、まぁできれば。
00時29分49秒,00時29分53秒,E342TAN001,一度でも生かすことができればなとは考えているという次第です。
00時29分54秒,00時29分55秒,株式会社VOLTMIND 長富元気,ありがとうございます。
00時29分56秒,00時29分57秒,株式会社VOLTMIND 長富元気,えーえー
00時29分57秒,00時29分58秒,株式会社VOLTMIND 長富元気,えっと、
00時30分00秒,00時30分02秒,株式会社VOLTMIND 長富元気,あとそうですね。
00時30分07秒,00時30分19秒,株式会社VOLTMIND 長富元気,あ、そうだ。あ、えっと、既存のあのシェアポイントのポータルサイトっていうのは、えっと、どんな感じで使われてるかっていうところ。あ、ちょっ、ごめんなさい。めっちゃ抽象度高い質問になってしまって。
00時30分19秒,00時30分20秒,E342TAN001,はい。で。
00時30分20秒,00時30分23秒,株式会社VOLTMIND 長富元気,どんな感じで使われてるかとかお伺いしてもよろしい。
00時30分23秒,00時30分30秒,E342TAN001,そうですね。まず、どんな方で目標はこのポータルサイトを作った目標でも、ゴールは。
00時30分30秒,00時30分30秒,株式会社VOLTMIND 長富元気,ありがとうござ。
00時30分30秒,00時30分38秒,E342TAN001,まず、みんなが何かを探しに行くときに探しに行く場所を一元化しようと考えたことです。
00時30分38秒,00時30分39秒,株式会社VOLTMIND 長富元気,さっき。
00時30分39秒,00時30分39秒,E342TAN001,ちょっとはい、
00時30分40秒,00時30分42秒,E342TAN001,まずはそこその習慣化するというか？
00時30分43秒,00時30分51秒,E342TAN001,はい、そのためにえっと、いろんな機能を入れてるんですけど、一番はみんなが絶対そこ行くようにあの各種。まあ
00時30分51秒,00時31分05秒,E342TAN001,操作きあー、分析機器みたいなのがあるという話したんですけど、それ機器を予約する必要があるあるんですね。そういうルールになってるんです。その予約ページをそのポータルサイトに入れてます。その目的は必ずみんながそこ
00時31分06秒,00時31分08秒,E342TAN001,頻度高く訪れるようにするためです。
00時31分08秒,00時31分10秒,株式会社VOLTMIND 長富元気,あーなるほど。
00時31分10秒,00時31分14秒,E342TAN001,そこにこういろんな情報あ、ちょっとこれ共有した方がいいかな？ちょっと。
00時31分14秒,00時31分15秒,株式会社VOLTMIND 長富元気,します。
00時31分21秒,00時31分22秒,E342TAN001,ちょっと待ってくださいね。
00時31分22秒,00時31分23秒,E342TAN001,これを
00時31分27秒,00時31分28秒,E342TAN001,どういったんですか？
00時31分35秒,00時31分36秒,E342TAN001,画面このままでいいか。
00時31分52秒,00時31分54秒,E342TAN001,人が切り替わったっていうのはちょっとすいません。
00時31分55秒,00時31分57秒,E342TAN001,ちょっと更新してなかったから。
00時32分02秒,00時32分03秒,E342TAN001,まあまあそっちの
00時32分15秒,00時32分16秒,E342TAN001,こういう感じで個々に
00時32分16秒,00時32分17秒,E342TAN001,機器予約。
00時32分18秒,00時32分19秒,E342TAN001,なるほど。なるほど。
00時32分19秒,00時32分24秒,E342TAN001,はい、ページを入れてて、それ以外はなんか直近のイベント共有したりとか。
00時32分24秒,00時32分24秒,株式会社VOLTMIND 長富元気,うーん。
00時32分24秒,00時32分26秒,E342TAN001,まあ、なんかよく聞くワイファイの
00時32分27秒,00時32分27秒,E342TAN001,あのー、
00時32分27秒,00時32分38秒,E342TAN001,パスワードって何でしたっけ？みたいなビジターが来た時によく聞かれてえーだなんやったっけ？ってなるんでここに入れたりとか、プリンターのなんかドライバーがないとかって、その入れ方とか。
00時32分38秒,00時32分45秒,E342TAN001,あるあるみたいな情報を入れたりします。あとは、まあ簡単な製品情報を入れたりとかするんですけど、
00時32分45秒,00時32分48秒,E342TAN001,多分そんなには今のところまだ活用されてないですね。
00時32分48秒,00時32分50秒,株式会社VOLTMIND 長富元気,うーん。なるほど。なるほど。
00時32分50秒,00時32分50秒,E342TAN001,ありがとうござい。
00時32分52秒,00時33分12秒,株式会社VOLTMIND 長富元気,これは活用されていないのはまだみんなそのこれを使う習慣が身についていないからっていうところなんですかね？それとも結局それ以外のところも、その例えば、機器の説明書を探すときは、物理的に紙を探す必要があるから、なんだかんだここにまだ集約されていないからみんな使っていないっていう背景。
00時33分12秒,00時33分14秒,E342TAN001,そうですね。されてないっていうのが一つの理由
00時33分14秒,00時33分18秒,E342TAN001,だと思います。はい、だから情報が十分じゃない。十分揃ってないから。
00時33分18秒,00時33分19秒,E342TAN001,なるほど。なるほど。
00時33分20秒,00時33分22秒,E342TAN001,結局このみんな聞く予約を
00時33分22秒,00時33分24秒,E342TAN001,市に訪れているだけです。
00時33分24秒,00時33分25秒,株式会社VOLTMIND 長富元気,あーなるほど。なるほ。
00時33分25秒,00時33分26秒,E342TAN001,なるほど。
00時33分27秒,00時33分39秒,株式会社VOLTMIND 長富元気,これ。例えば、逆に言えば、このシェアポイントに全てのあの入れるべき情報がバーンと入っていたら、それで解決するっていう感じですか？それともまだ解決には
00時33分40秒,00時33分42秒,株式会社VOLTMIND 長富元気,何か足りないピースがあるとか。
00時33分42秒,00時33分45秒,E342TAN001,結局たくさんの情報入れちゃうと、今度検索性。
00時33分45秒,00時33分46秒,株式会社VOLTMIND 長富元気,確かに。
00時33分46秒,00時33分53秒,株式会社VOLTMIND 長富元気,のが探し出すのが大変になっちゃって。過去に十件データをめちゃくちゃ入れた時があったんですけども。
00時33分53秒,00時33分54秒,株式会社VOLTMIND 長富元気,ありがとうござ。
00時33分54秒,00時33分58秒,E342TAN001,以前のまま入れるだけでも大変だったんですけど、ほとんど誰も活用してくれなくて。
00時33分58秒,00時33分58秒,株式会社VOLTMIND 長富元気,なんで。
00時33分58秒,00時34分06秒,E342TAN001,みんなに聞いたらいちいち検索してもやっぱ結局出てくるのがそのエクセルのファイルとか。まあ、ワードの
00時34分06秒,00時34分11秒,E342TAN001,報告書でそんなんいちいち読んでられへんと知りたいのは、その自分が
00時34分12秒,00時34分16秒,E342TAN001,解決したい課題に問題に対する直接的な答えだっていう。
00時34分17秒,00時34分17秒,株式会社VOLTMIND 長富元気,わかります。
00時34分17秒,00時34分19秒,E342TAN001,ので、だから
00時34分20秒,00時34分23秒,E342TAN001,情報を増やしちゃう。そう。増やしすぎちゃうと、結局は。
00時34分24秒,00時34分32秒,株式会社VOLTMIND 長富元気,確かにトレードオフですもんね。こういうポータルサイトだと情報が多すぎると、検索の利便性下がって少なすぎると。
00時34分32秒,00時34分33秒,E342TAN001,そもそも
00時34分34秒,00時34分35秒,E342TAN001,必要がないっていう、
00時34分36秒,00時34分37秒,株式会社VOLTMIND 長富元気,なるほど。なるほど。
00時34分37秒,00時34分38秒,E342TAN001,はい。
00時34分38秒,00時34分43秒,株式会社VOLTMIND 長富元気,確かにそれだとすごいai。のチャットボットっていうのは相性はかなり良さそうですね。そう。
00時34分43秒,00時34分44秒,E342TAN001,はーい、
00時34分44秒,00時34分46秒,E342TAN001,そう考えています。
00時34分46秒,00時34分48秒,株式会社VOLTMIND 長富元気,なるほど。なるほど。ありがとうございます。
00時34分48秒,00時34分49秒,E342TAN001,はい。
00時34分50秒,00時34分51秒,株式会社VOLTMIND 長富元気,えー。
00時34分51秒,00時34分52秒,株式会社VOLTMIND 長富元気,あとは
00時34分52秒,00時34分54秒,株式会社VOLTMIND 長富元気,えーと
00時34分58秒,00時34分59秒,株式会社VOLTMIND 長富元気,少々お待ちください。
00時34分59秒,00時34分59秒,E342TAN001,はいっ。
00時35分03秒,00時35分17秒,株式会社VOLTMIND 長富元気,あ、そうだ。あと、そのま。実験データのところに関してちょっとお伺いしたいところが、ま、そのファイルがおそらくエクセルファイルであ、ったりpdfファイルであったりえパワーポイントであったりとか、いろんな格上手の形式があると思ですけれども。
00時35分17秒,00時35分17秒,E342TAN001,えー、
00時35分17秒,00時35分21秒,E342TAN001,例えばエクセルファイルの中で。
00時35分22秒,00時35分27秒,株式会社VOLTMIND 長富元気,そのエクセルファイルの中には図表とかが入ってたりしますか？グラフであったりとか。
00時35分27秒,00時35分29秒,E342TAN001,入ってます。
00時35分29秒,00時35分30秒,株式会社VOLTMIND 長富元気,なるほど。なるほど。
00時35分31秒,00時35分35秒,株式会社VOLTMIND 長富元気,表が入っていて、それって。ちなみにその
00時35分35秒,00時35分39秒,株式会社VOLTMIND 長富元気,グラフですかね？それともまたいろんなパターンがありますかね？
00時35分39秒,00時35分41秒,E342TAN001,いろんなパターンありますね。グラフのものとか。
00時35分42秒,00時35分44秒,E342TAN001,あーっとね。
00時35分45秒,00時35分48秒,E342TAN001,ただもう数字が入ってるだけみたいなものとか、ちょっ。
00時35分48秒,00時35分49秒,株式会社VOLTMIND 長富元気,シェアします。
00時35分49秒,00時35分50秒,E342TAN001,ますね。ちょっ待ってくださ。
00時35分50秒,00時35分51秒,E342TAN001,ありがとうございます。
00時35分52秒,00時35分53秒,E342TAN001,例えば、だから、
00時35分58秒,00時36分00秒,E342TAN001,ああ、これとか。
00時36分19秒,00時36分20秒,E342TAN001,例えば
00時36分20秒,00時36分25秒,E342TAN001,これなんか、まあ典型的なあるあるの情報なんですけど。
00時36分25秒,00時36分26秒,株式会社VOLTMIND 長富元気,はい。
00時36分26秒,00時36分27秒,E342TAN001,これが
00時36分28秒,00時36分31秒,E342TAN001,例えばbyk三四二十と製品なんですけど。
00時36分31秒,00時36分31秒,株式会社VOLTMIND 長富元気,はい。
00時36分31秒,00時36分32秒,E342TAN001,板。これを
00時36分34秒,00時36分37秒,E342TAN001,まあ0.06%
00時36分39秒,00時36分41秒,E342TAN001,水とかエタノールと水。
00時36分42秒,00時36分42秒,E342TAN001,この日で
00時36分42秒,00時36分43秒,E342TAN001,いつでもだと思うの
00時36分43秒,00時36分54秒,E342TAN001,0とか0で混ぜたものに添加したもの。今度こっちは0.3%を水百パーエタノールと九対0対三で混ぜたものを
00時36分54秒,00時36分59秒,E342TAN001,なんかにごりを測定したデータとか泡立ち性を評価すべきかとか、表面上。
00時36分59秒,00時37分00秒,株式会社VOLTMIND 長富元気,聴力を測定したケース。
00時37分00秒,00時37分00秒,E342TAN001,かとか。
00時37分01秒,00時37分02秒,E342TAN001,なるほど、結構
00時37分02秒,00時37分08秒,E342TAN001,いわゆるその図表みたいなところにはこういうデー。タが多かったりします。ここを
00時37分08秒,00時37分16秒,E342TAN001,こう。Lnとかaiとか。にこう読み込んでもらうのが結構大変だよね。というのは会社さんでこれはきついなみたいな。
00時37分16秒,00時37分17秒,株式会社VOLTMIND 長富元気,そうですね。
00時37分17秒,00時37分18秒,E342TAN001,いる状況です。
00時37分19秒,00時37分39秒,株式会社VOLTMIND 長富元気,ここはハードル高そうですね。今まだai。って、ま、これから多分進化はしていくんですけど、このえっといなんていですか？ねこのえーと、横と縦の認識がaiって結構まだ弱いところがあって、これが全部こう。一列にテキストファイルだったらめっちゃ精度高く認識してくれるんですけど、
00時37分39秒,00時37分40秒,株式会社VOLTMIND 長富元気,この
00時37分40秒,00時37分58秒,株式会社VOLTMIND 長富元気,なんていですかね？これ今ってこう罫線でちゃんとこっからここがこのグループだよっていうのがあのめ人間はわかるようになってるんですけど、これをaiがまだ認識してるかっていうと結構怪しいところはあるなーっていうところは思いますね。なるほど。
00時37分58秒,00時38分02秒,E342TAN001,実験データの奥にはこういうものが入っちゃってます。
00時38分02秒,00時38分04秒,株式会社VOLTMIND 長富元気,うーん。
00時38分05秒,00時38分06秒,E342TAN001,はい。なるほど。なるほど。
00時38分07秒,00時38分10秒,株式会社VOLTMIND 長富元気,そうですね。ありがとうございます。はい、
00時38分12秒,00時38分14秒,株式会社VOLTMIND 長富元気,あとはそうですね。
00時38分18秒,00時38分38秒,株式会社VOLTMIND 長富元気,今えっとそうだ。2500。ファイルくらいデータがあるみたいな話があったと思ですけど、そのデータっていうのは、あのどういうとこどの場所にどんなフォルダ構成で配置されているとか。あと、そのフォファイルのそれぞれの。なんか命名規則みたいなものとかって。
00時38分38秒,00時38分38秒,E342TAN001,はい、
00時38分38秒,00時38分40秒,E342TAN001,決まってたりするものですか？
00時38分40秒,00時38分51秒,E342TAN001,あります。まず場所なんですけど、もうシアポニーだっと入れてます。で、ファイルの形式は先ほどね言っていただいた。エクセルとかワ。ードパワ。ポあるいは。Pdf、なんかも。あ、っ。たりします。で
00時38分51秒,00時38分54秒,E342TAN001,ファイル名の命名規則はもうなくて。
00時38分54秒,00時38分57秒,E342TAN001,人とか時代によってもうバラバラです。
00時38分57秒,00時38分58秒,株式会社VOLTMIND 長富元気,そうなりますよね。
00時38分58秒,00時38分59秒,E342TAN001,最悪です。はい
00時39分01秒,00時39分01秒,株式会社VOLTMIND 長富元気,ありがとうござ。
00時39分01秒,00時39分03秒,E342TAN001,で、あと何でしたっけ？
00時39分05秒,00時39分07秒,E342TAN001,当然表現の揺れみたいのもバリバリあって。
00時39分07秒,00時39分09秒,株式会社VOLTMIND 長富元気,あーなるほど。なるほど。
00時39分09秒,00時39分15秒,E342TAN001,例えば製品名に関してもさっきbykの何番ってあったんですけど、人によってはBの何番とかで略したりとか。
00時39分15秒,00時39分16秒,株式会社VOLTMIND 長富元気,いい。
00時39分16秒,00時39分17秒,E342TAN001,アイフン入れてなかったりとか。
00時39分17秒,00時39分19秒,株式会社VOLTMIND 長富元気,大文字、小文字、分かれたり。
00時39分19秒,00時39分20秒,E342TAN001,そうです。そうで。
00時39分20秒,00時39分23秒,株式会社VOLTMIND 長富元気,そうですね。はい、ありますよね。それ。
00時39分23秒,00時39分24秒,E342TAN001,はい。
00時39分24秒,00時39分25秒,株式会社VOLTMIND 長富元気,なるほど。なるほど。
00時39分28秒,00時39分31秒,株式会社VOLTMIND 長富元気,しようかな。どういう仕組みがいいかな。なるほど。なるほ。
00時39分31秒,00時39分36秒,E342TAN001,そこの実験データについては、今の段階ではちょっとその
00時39分39秒,00時39分40秒,E342TAN001,社内、
00時39分40秒,00時39分45秒,E342TAN001,その利用者が社内限定だとしても、外部のね。
00時39分47秒,00時40分11秒,E342TAN001,なんていうかな。サーバーにこうデータを出すというのはちょっと考えた方がいいんじゃない？みたいな状態になっているので、今だからそれを受けて考えているのは、もう世の中に公開しているデータがそのま。ホームページ通じて発信していたりとか、そのーま、学会とか他のね。そのウェブサイトなんかを通じて世の中に発信しているデータをまずは
00時40分11秒,00時40分19秒,E342TAN001,えっと共有化するということで。を始めていこうかなと思ってます。ただ、その情報の中にも
00時40分19秒,00時40分22秒,E342TAN001,今見ていただいたような図表は入ってた。
00時40分22秒,00時40分23秒,株式会社VOLTMIND 長富元気,そうですよね。なるほど。なるほど。
00時40分23秒,00時40分24秒,E342TAN001,はい。
00時40分25秒,00時40分26秒,株式会社VOLTMIND 長富元気,確かに。
00時40分26秒,00時40分29秒,E342TAN001,でファイルの形式も。はい、やっぱ。
00時40分29秒,00時40分31秒,株式会社VOLTMIND 長富元気,千差万別です。
00時40分31秒,00時40分33秒,株式会社VOLTMIND 長富元気,うーん、そうですよね。
00時40分33秒,00時40分35秒,株式会社VOLTMIND 長富元気,なるほど、なるほど
00時40分35秒,00時40分36秒,株式会社VOLTMIND 長富元気,ありがとうございま。
00時40分36秒,00時40分36秒,E342TAN001,はい。
00時40分36秒,00時41分03秒,株式会社VOLTMIND 長富元気,この場合、ま。仮にそれをaillrmに読み込ませる場合は一個工程が挟む必要ある。かなと思ってて、そのllが認識しやすいような形に変換して、その変換されたデータはえっと元のファイルがpdfだ。ろうとエクセルであろうとパワポであろうと全て一回こうかました。データが統一。化された基準で読み込ませるとかにする必要はありそうだなと。
00時41分04秒,00時41分05秒,株式会社VOLTMIND 長富元気,なるほど。なるほど。
00時41分05秒,00時41分09秒,E342TAN001,ちょっと素人ながらに思う。まとさっきね、見せていただいた。あの。なんか
00時41分10秒,00時41分12秒,E342TAN001,テキストデータを読み。
00時41分12秒,00時41分19秒,E342TAN001,込ませて、そのデータをもとにこうllから変えてもらうって。僕もあの、あの、例えばあのクロードのね。プロジェクトみたいなので。
00時41分19秒,00時41分20秒,株式会社VOLTMIND 長富元気,なんかちょっと。
00時41分20秒,00時41分23秒,E342TAN001,やってみたんですけど、だからそれにさっきみたのに近いなと思ってて。
00時41分23秒,00時41分24秒,E342TAN001,荒井だから。
00時41分24秒,00時41分24秒,株式会社VOLTMIND 長富元気,うーん。
00時41分25秒,00時41分26秒,E342TAN001,あれー、
00時41分26秒,00時41分31秒,E342TAN001,クロードのね。プロジェクトってあの読ま読み込ませるデータの上限が結構
00時41分32秒,00時41分38秒,E342TAN001,すぐ来ちゃで、実験データとかでバーって膨大に出たらもう全然ね、頭打ちになっちゃで、そこに。がもし
00時41分38秒,00時41分43秒,E342TAN001,たくさん容量が多いんなら容量がでかいなら
00時41分43秒,00時41分45秒,E342TAN001,結構ああいった形式で。
00時41分47秒,00時41分48秒,株式会社VOLTMIND 長富元気,そうですね。
00時41分48秒,00時41分51秒,E342TAN001,じゃないんかな。あとは。だから図表のデータをどう
00時41分52秒,00時41分53秒,E342TAN001,どう体系化するかっていうと、この中で。
00時41分53秒,00時41分54秒,株式会社VOLTMIND 長富元気,ちょっと。
00時41分54秒,00時41分56秒,E342TAN001,はい、ジャストアイデアですけど、思ってたんで。
00時41分56秒,00時42分25秒,株式会社VOLTMIND 長富元気,ありがとうございます。確かにそうですね。ま、こai。ってもう本当こう。スピ。ー。ドめちゃくちゃ進化のスピード早いので、今はまだ例えばトークンスがえっと百万までしかえトークン入りませんが、これがもうすぐに一ヶ月後にはえ2,000,000まで行きます。3,000,000まで行けますみたいな進化はしていくとは思ですけど。ま、とはいえ、その入れるデータに依存しちゃうっていうのはシステム上ちょっとなんか難しそうだなと思ったので、なんか？ま、
00時42分26秒,00時42分53秒,株式会社VOLTMIND 長富元気,ちょっとまだ技術的なところは整理する必要あるんですけど、例えばそのえーと読み込ませるデータ群がある箱があったとして、え？そこに都度都度、えっと、ユーザーが質問を投げたらaiがその箱から必要なものを探し出して取って渡してくるとかの形式なんだろうなとは思ったりしますね。最初、からaiにもバンとファイルを渡しておくのではなく。
00時42分55秒,00時42分55秒,E342TAN001,はあはあ。
00時42分55秒,00時42分58秒,株式会社VOLTMIND 長富元気,なのかなと思いました。
00時42分58秒,00時43分04秒,株式会社VOLTMIND 長富元気,まあ、ちょっとそこはまあ、割とこうなんとでもなるところだとは思うので。
00時43分04秒,00時43分04秒,E342TAN001,はーい。
00時43分04秒,00時43分18秒,株式会社VOLTMIND 長富元気,実際にこう要件定義であったり、その設計を組んでいくタイミングで、あのどういう形式だったら現実的にえー、可能。実現可能があるかな？っていうところは調べながら進めていく流れになるかなと思ってます。
00時43分18秒,00時43分20秒,E342TAN001,はい、ありがとうござい。
00時43分20秒,00時43分38秒,株式会社VOLTMIND 長富元気,とそうですねえと、ま、今のお話を伺いしていく中で、ま、おそらくこうあの。なんだっけ？レディクル様からはあのシナリオ型かai型かみたいな二択でっていうところがあったと思です。けどま今回ai型が多分
00時43分38秒,00時43分40秒,株式会社VOLTMIND 長富元気,一番いいのかなと思っています。
00時43分41秒,00時43分43秒,E342TAN001,シナリオ型ってどんなやつでしたっけ？すいませ。
00時43分43秒,00時43分51秒,株式会社VOLTMIND 長富元気,シナリオ型が説明。例えば、もう事前に回答を用意しておいて。
00時43分51秒,00時43分52秒,E342TAN001,あはあはあはあ。
00時43分52秒,00時44分02秒,株式会社VOLTMIND 長富元気,選択肢。例えば、どんな要件でお困りですか？選択肢一、二、三、四があって、一を選択したら次。この質問ここの質問が出てきて。のパターンですね。
00時44分03秒,00時44分03秒,E342TAN001,はい。はいはい。
00時44分03秒,00時44分13秒,株式会社VOLTMIND 長富元気,それ。それだともう多分シナリオ組むだけでもう無限の条件分岐になっちゃうの。ちょっと大変なので、ま、今回やり方が多分一番いいと思ってます。
00時44分13秒,00時44分14秒,E342TAN001,はい。
00時44分15秒,00時44分19秒,株式会社VOLTMIND 長富元気,で、あとはそうですね。
00時44分20秒,00時44分26秒,株式会社VOLTMIND 長富元気,コンテンツごとの閲覧権限みたいな言葉もあったかなと思ってまして。
00時44分26秒,00時44分27秒,E342TAN001,はい。
00時44分27秒,00時44分30秒,株式会社VOLTMIND 長富元気,それってなんかこうイメージとかってありますか？
00時44分30秒,00時44分32秒,E342TAN001,そうですね。そこはあの
00時44分33秒,00時44分36秒,E342TAN001,途中でお話しした技術情報ですね。レポート
00時44分36秒,00時44分36秒,E342TAN001,について
00時44分36秒,00時44分43秒,E342TAN001,ですけど、そこちょっと特性が高いんで、誰でも見れるような状態だったら困るので、
00時44分43秒,00時44分44秒,E342TAN001,特に社外の
00時44分44秒,00時44分46秒,E342TAN001,社会に展開したときとかは、
00時44分47秒,00時44分49秒,E342TAN001,そこへのアクセス権とかは
00時44分50秒,00時44分56秒,E342TAN001,気をつけないといけないねっていう話をしてたんですけど、今の段階ではそこまで気にしなくていいかなと思ってます。
00時44分56秒,00時44分57秒,株式会社VOLTMIND 長富元気,なるほど。なるほど。
00時44分57秒,00時44分57秒,E342TAN001,はい。
00時44分57秒,00時45分05秒,株式会社VOLTMIND 長富元気,承知いたしました。ありがとうございます。あとはえっと、そうだ。多言語対応に関してもちょっとお伺いしたいなと思ってまして。
00時45分05秒,00時45分06秒,E342TAN001,はい。
00時45分06秒,00時45分20秒,株式会社VOLTMIND 長富元気,ま足元こうすぐにっていうところじゃないのかもしれないんですけれども、あの、仮にその今、尼崎拠点の方におつ。新しいの作ってお使いいただいて、これいいねってなった場合、あのどの拠点にもあの
00時45分20秒,00時45分21秒,株式会社VOLTMIND 長富元気,持っていくみたいな流れなんですか？
00時45分21秒,00時45分22秒,株式会社VOLTMIND 長富元気,そうですね。はい、
00時45分22秒,00時45分26秒,株式会社VOLTMIND 長富元気,その時って言語で言うと英語で。
00時45分26秒,00時45分29秒,株式会社VOLTMIND 長富元気,とドイツ語とかですかね。
00時45分29秒,00時45分40秒,E342TAN001,英語が一番多くてドイツ語と。あとはね。でもやっぱ世界各国に拠点あるんでもしね、そこのみんなのデータも読ませるってなると、例えばハングルだったり、中枢。
00時45分40秒,00時45分41秒,株式会社VOLTMIND 長富元気,よかったり。
00時45分41秒,00時45分46秒,E342TAN001,多分たくさん出てくると思ですけど、まずは
00時45分46秒,00時45分50秒,E342TAN001,日本語と英語でいいかなとは思います。
00時45分50秒,00時45分52秒,株式会社VOLTMIND 長富元気,てます。あ、承知いたしました。
00時45分53秒,00時45分57秒,株式会社VOLTMIND 長富元気,最初の段階からもう英語は入れておいた方が良い
00時45分57秒,00時45分58秒,株式会社VOLTMIND 長富元気,っていうことですか？
00時45分58秒,00時46分02秒,E342TAN001,そうですね。
00時46分02秒,00時46分03秒,E342TAN001,でも、
00時46分04秒,00時46分11秒,E342TAN001,英語を入れることで、なんか工数がめっちゃ増えるとか、コストがめっちゃ増えるんやったら日本語限定。
00時46分11秒,00時46分13秒,株式会社VOLTMIND 長富元気,ありがとうございます。
00時46分13秒,00時46分14秒,E342TAN001,そこまで必要じゃないです。
00時46分14秒,00時46分15秒,株式会社VOLTMIND 長富元気,うーん、承知いたしました。
00時46分15秒,00時46分16秒,E342TAN001,はい。
00時46分17秒,00時46分17秒,株式会社VOLTMIND 長富元気,ありがとうござい。
00時46分18秒,00時46分23秒,株式会社VOLTMIND 長富元気,あと使うシーンって基本もう。みんなパソコン上で使うっていう想定。
00時46分23秒,00時46分25秒,E342TAN001,はい、今はそう想定してます。
00時46分27秒,00時46分29秒,株式会社VOLTMIND 長富元気,そうですね。あと
00時46分30秒,00時46分31秒,株式会社VOLTMIND 長富元気,あとはー
00時46分32秒,00時46分33秒,株式会社VOLTMIND 長富元気,えーえー
00時46分42秒,00時46分43秒,株式会社VOLTMIND 長富元気,えっと、
00時46分44秒,00時46分45秒,株式会社VOLTMIND 長富元気,あとあの
00時46分45秒,00時46分54秒,株式会社VOLTMIND 長富元気,レディクル様に。からいただいてた情報のところで、えっと、費用対効果を可視化するためにこうデモみたいなものが欲しいみたいなお話も。
00時46分54秒,00時46分55秒,E342TAN001,そうなんですよね。
00時46分55秒,00時46分56秒,株式会社VOLTMIND 長富元気,思ってまして。
00時46分56秒,00時46分57秒,E342TAN001,はい。はいはいはい。
00時46分57秒,00時47分02秒,株式会社VOLTMIND 長富元気,本当に僕ら結構そういうの得意な理由なんです。
00時47分02秒,00時47分03秒,E342TAN001,そうですね。はい。
00時47分03秒,00時47分03秒,株式会社VOLTMIND 長富元気,ぜひ。そこは。
00時47分03秒,00時47分04秒,E342TAN001,ことです。
00時47分04秒,00時47分06秒,株式会社VOLTMIND 長富元気,くださいっていうところです。
00時47分06秒,00時47分13秒,E342TAN001,特にね。デモの必要性があるのは、最終の決済者が日本の社長なんですけど、
00時47分14秒,00時47分20秒,E342TAN001,やっぱ社長決済通すのにやっぱこんだけの効果があるというのは実際にね。こう。やっぱデモで
00時47分21秒,00時47分26秒,E342TAN001,具体的になんか質問してもらってね。そこに対してこうわーってこう回答が出てきて、おーみたいなのがあれば。
00時47分27秒,00時47分28秒,E342TAN001,一番いいなと。
00時47分28秒,00時47分29秒,E342TAN001,そうですよ。
00時47分29秒,00時47分30秒,E342TAN001,はーい。
00時47分30秒,00時47分31秒,株式会社VOLTMIND 長富元気,ありがとうございます。
00時47分32秒,00時47分35秒,株式会社VOLTMIND 長富元気,えっと、そうですね。
00時47分36秒,00時47分36秒,株式会社VOLTMIND 長富元気,えっとー。
00時47分37秒,00時47分55秒,株式会社VOLTMIND 長富元気,なんか例えばなんですけど、僕らデモを出すことももちろん可能ですし、ぜひご協力させていただければと思ですけど。でも、二種類必要かなと思ってて、その最終決済を通す時のデモっていう。ま、ある程度その。なんていですかね？ちょっと見栄えとかもちょっとだけ凝ったバージョンみたいな。
00時47分55秒,00時47分56秒,E342TAN001,おーはい。
00時47分57秒,00時48分06秒,株式会社VOLTMIND 長富元気,で、えっと、その前段階でのデモは多分ちょっと要件の認識の相互がないかっていうところの。
00時48分06秒,00時48分07秒,株式会社VOLTMIND 長富元気,必要なのかなと思います。
00時48分07秒,00時48分08秒,E342TAN001,あ。はいはいはいはい。
00時48分08秒,00時48分24秒,株式会社VOLTMIND 長富元気,こういう管理者側はこういうファイルをアップロードしたら、アップロード。事前に準備しておいて。でユーザーが使うとき、こういう質問したら、こういう回答返ってくるよっていう、なんかそういう機能のすり合わせのためのデモみたいなものもあった方がいいのかなとはちょっ。
00時48分24秒,00時48分25秒,E342TAN001,あ。はい。
00時48分25秒,00時48分25秒,株式会社VOLTMIND 長富元気,やってまして。
00時48分25秒,00時48分26秒,E342TAN001,あ。はい。
00時48分26秒,00時48分30秒,株式会社VOLTMIND 長富元気,すごく簡易的になっ
00時48分30秒,00時48分37秒,株式会社VOLTMIND 長富元気,ちゃうとは思ですけど、例えば二週間後とかにもう一度お時間いただければそこまでにめっちゃ簡単なものになるんですけど。
00時48分37秒,00時48分38秒,E342TAN001,あ。はい。
00時48分38秒,00時48分44秒,株式会社VOLTMIND 長富元気,作らせていただいて認識そうないですか？っていうのをちょっとやらせていただけたらめちゃくちゃ嬉しいなと。
00時48分44秒,00時48分45秒,E342TAN001,ありがとうございます。ぜひお願いします。
00時48分45秒,00時48分46秒,株式会社VOLTMIND 長富元気,ありがとうございます。
00時48分49秒,00時48分54秒,株式会社VOLTMIND 長富元気,あの、まぁちょっと二週間なので、本当に本当にもうミニマムな。
00時48分54秒,00時48分54秒,E342TAN001,はい。
00時48分54秒,00時48分55秒,株式会社VOLTMIND 長富元気,感じになっちゃうと思ですけど。
00時48分55秒,00時48分59秒,E342TAN001,はい、ありがとうございます。でもね、最初の段階で
00時48分59秒,00時49分00秒,E342TAN001,ずれがあると。
00時49分00秒,00時49分01秒,株式会社VOLTMIND 長富元気,そうですね。
00時49分01秒,00時49分04秒,E342TAN001,めっちゃ作っていただいて安いことじゃなかったんですけど。っていうのはちょっ番ですね。
00時49分04秒,00時49分05秒,株式会社VOLTMIND 長富元気,そうですね。
00時49分05秒,00時49分05秒,E342TAN001,はい
00時49分05秒,00時49分11秒,E342TAN001,なので、戻りがないように。のすり合わせを密にやっていきたいなと思ってます。
00時49分12秒,00時49分12秒,E342TAN001,ありがとうござい。
00時49分14秒,00時49分23秒,株式会社VOLTMIND 長富元気,あと、そうですね。あの費用のところでランニングが月20から30くらいみたいなのを。レディクルさんからはいただいてたんですけども。
00時49分23秒,00時49分23秒,E342TAN001,えー。
00時49分23秒,00時49分32秒,株式会社VOLTMIND 長富元気,って、あのもう全てをひっくるめた。ランニングコストっていう認識ですよね。例えば、今回おそらく必要になってくるのがえまずaiのapi料金。
00時49分32秒,00時49分34秒,E342TAN001,はい。はいはい。
00時49分34秒,00時49分41秒,株式会社VOLTMIND 長富元気,これクラウドにするかでもう一個がサーバーの料金ですね。クラウドにするかオンプレにするかで。
00時49分41秒,00時49分42秒,E342TAN001,ですけど。
00時49分42秒,00時49分46秒,株式会社VOLTMIND 長富元気,あとはまあ僕らのその補修料金みたいなところ。まぁこれは削ることが可能です。
00時49分46秒,00時49分47秒,株式会社VOLTMIND 長富元気,はいはい、
00時49分47秒,00時49分55秒,株式会社VOLTMIND 長富元気,この二つはどうしても多分かかってしまうかなとaiのapi料金がこれがあの重量課金制なので。
00時49分55秒,00時49分55秒,E342TAN001,はい。はい。
00時49分55秒,00時49分57秒,株式会社VOLTMIND 長富元気,どのくらい使われるかによって。
00時49分57秒,00時49分58秒,E342TAN001,ですよね？
00時49分58秒,00時49分59秒,株式会社VOLTMIND 長富元気,変動はある
00時49分59秒,00時50分05秒,株式会社VOLTMIND 長富元気,かなと思ってて、あの、先ほどあの一番最初に画面共有させていただ。いた
00時50分05秒,00時50分08秒,株式会社VOLTMIND 長富元気,不動産の学生向けのaiツール
00時50分08秒,00時50分08秒,株式会社VOLTMIND 長富元気,ありがとう。ござい
00時50分08秒,00時50分15秒,株式会社VOLTMIND 長富元気,ちょっと参考程度にお伝えすると、今130人くらい利用者がいて。
00時50分15秒,00時50分15秒,E342TAN001,はーい。
00時50分15秒,00時50分26秒,株式会社VOLTMIND 長富元気,で、えっと、結構みんな頻繁にやり取りはしてるんですけど、まだ一ヶ月くらいですね。リリースしたら一ヶ月のコストが五ドルくらいでした。
00時50分26秒,00時50分28秒,株式会社VOLTMIND 長富元気,全然安いですね。
00時50分28秒,00時50分30秒,E342TAN001,意外とそんな一人で少ないんだっていう。
00時50分30秒,00時50分31秒,E342TAN001,全体で。
00時50分31秒,00時50分32秒,株式会社VOLTMIND 長富元気,全体でです。
00時50分32秒,00時50分33秒,E342TAN001,荒井えぇー。
00時50分35秒,00時50分45秒,株式会社VOLTMIND 長富元気,なので、えっと、ままだそんなに頻度が高くないっていうのはあるのかもしれないんですけれども、ユーザーがま、多分平均どんくらいかな？
00時50分45秒,00時50分49秒,株式会社VOLTMIND 長富元気,一日に鳴らしたら。
00時50分49秒,00時50分53秒,E342TAN001,十往復もしてないと思うので。
00時50分53秒,00時50分59秒,株式会社VOLTMIND 長富元気,まだ頻度が少ないから五ドルくらいっていうところはありますが、参考。
00時50分59秒,00時51分00秒,E342TAN001,はい。はい。
00時51分00秒,00時51分04秒,株式会社VOLTMIND 長富元気,数値としてちょっと今出せる情報として、そこはお出しできます。
00時51分04秒,00時51分07秒,E342TAN001,それが増えたから一気に50ドルとかなさそうなんで。
00時51分07秒,00時51分18秒,株式会社VOLTMIND 長富元気,そうですね。一気にこう十人使ってたのがいきなりこう。翌日百人使ってみんなめちゃめちゃ使うとかだったらこう一気に十倍になるとかはあり得るんですけど、
00時51分18秒,00時51分18秒,株式会社VOLTMIND 長富元気,そうじゃない
00時51分18秒,00時51分19秒,株式会社VOLTMIND 長富元気,のであれば
00時51分19秒,00時51分37秒,株式会社VOLTMIND 長富元気,大丈夫かなと思ってます。まあとそれにaiのモデルを例えば、一番今だと一般的なというか一般的で、かつそのある程度高性能みたいなのが、チャットgptの4.1あたり
00時51分37秒,00時51分38秒,株式会社VOLTMIND 長富元気,だと思です。
00時51分38秒,00時51分39秒,株式会社VOLTMIND 長富元気,です。けど。
00時51分39秒,00時51分39秒,E342TAN001,はい。
00時51分40秒,00時51分57秒,株式会社VOLTMIND 長富元気,それちょっと思ったよりもかなり上がっちゃったよねってなったら一個モデル下げて安いバージョンのO三ミニとかもあるんですよ。それしたらそんなに性能下がらず、なおかつ安いapiで。
00時51分57秒,00時51分57秒,E342TAN001,ああ、そうなんですね。
00時51分57秒,00時52分04秒,株式会社VOLTMIND 長富元気,とかもあるので、そこは常にウォッチしておいてちょっと跳ね上がっちゃった。タイミングでモデル変えるとかは。
00時52分04秒,00時52分04秒,E342TAN001,なるほど。
00時52分04秒,00時52分06秒,株式会社VOLTMIND 長富元気,柔軟に対応できます。
00時52分06秒,00時52分07秒,E342TAN001,へえー。
00時52分09秒,00時52分09秒,E342TAN001,承知しました。
00時52分23秒,00時52分24秒,E342TAN001,はい、あどうぞ。
00時52分24秒,00時52分26秒,E342TAN001,もちろんね、ランニングコスト
00時52分26秒,00時52分33秒,E342TAN001,もう。まあイニシャルもそうですけど。まあ費用対効果といったところなので、いや、こんだけ効果あんなやったら全然もっと払っていいよってね。その。
00時52分33秒,00時52分34秒,株式会社VOLTMIND 長富元気,うーん。
00時52分34秒,00時52分36秒,E342TAN001,会社が言ってくれるかもしれないし、そこは
00時52分36秒,00時52分37秒,E342TAN001,あのー
00時52分38秒,00時52分46秒,E342TAN001,なんていうかな。蓋を開けてみないとわからないところではあるんですけど、まあ現実的なところなんかもう月百万かかっちゃいます。とかだったらなんかあーってなるなるな。
00時52分48秒,00時52分50秒,株式会社VOLTMIND 長富元気,業務効率化しても。
00時52分50秒,00時52分51秒,E342TAN001,はい。
00時52分51秒,00時52分57秒,株式会社VOLTMIND 長富元気,なんか効率化できた人件費分それ超えちゃったら意味ないですもんね。その
00時52分57秒,00時52分58秒,株式会社VOLTMIND 長富元気,はい、すいません。
00時52分58秒,00時52分58秒,株式会社VOLTMIND 長富元気,量量化W。
00時52分59秒,00時53分00秒,E342TAN001,そうですね。
00時53分00秒,00時53分00秒,株式会社VOLTMIND 長富元気,ありがとうござい。
00時53分00秒,00時53分03秒,株式会社VOLTMIND 長富元気,承知いたしました。ありがとうございます。
00時53分03秒,00時53分03秒,E342TAN001,ありがとうござ。
00時53分03秒,00時53分09秒,株式会社VOLTMIND 長富元気,そうですね。あと、えっと、あとこれもし差し支えなければなんですけど。
00時53分09秒,00時53分10秒,E342TAN001,はい。はい。
00時53分10秒,00時53分14秒,株式会社VOLTMIND 長富元気,今回弊社以外にもいろいろ会社様に相談されてると思ですけど。
00時53分14秒,00時53分15秒,E342TAN001,はい、そうですね。
00時53分15秒,00時53分21秒,株式会社VOLTMIND 長富元気,企画、検討していく中で、どういう点を特に重視
00時53分22秒,00時53分26秒,株式会社VOLTMIND 長富元気,されますか？っていうところ、もし差し支えなければなければお送り。
00時53分26秒,00時53分26秒,E342TAN001,はい。
00時53分26秒,00時53分28秒,株式会社VOLTMIND 長富元気,例えば期間なのか。
00時53分28秒,00時53分28秒,株式会社VOLTMIND 長富元気,ありがとうござ
00時53分28秒,00時53分38秒,株式会社VOLTMIND 長富元気,もその金額なのか、もしくはそのシステムのクオリティなのか、柔軟な対応なのか、いろんなポイントはあると思ですけれ。
00時53分38秒,00時53分44秒,E342TAN001,そうですね。はい、今三つ言っていただいた中で、やっぱ一番優先しているのはそのまあクオリティというか。
00時53分44秒,00時53分44秒,株式会社VOLTMIND 長富元気,まあまり。
00時53分44秒,00時53分46秒,E342TAN001,使い勝手の。まあパフォーマンスですね。
00時53分46秒,00時53分47秒,株式会社VOLTMIND 長富元気,あ、なるほど。
00時53分47秒,00時53分48秒,E342TAN001,どれだけ成果が
00時53分49秒,00時53分51秒,E342TAN001,が上がるか、効率が上がるか。
00時53分51秒,00時53分52秒,株式会社VOLTMIND 長富元気,はい。
00時53分52秒,00時53分55秒,E342TAN001,っていうところですよね。その次はやっぱ価格
00時53分55秒,00時53分56秒,E342TAN001,すいません。
00時53分57秒,00時53分58秒,株式会社VOLTMIND 長富元気,承知いたしました。
00時53分58秒,00時53分59秒,E342TAN001,さんは、はい、
00時53分59秒,00時54分02秒,E342TAN001,大事ですけど、今三つの中では優先順位。一番。い。
00時54分02秒,00時54分09秒,株式会社VOLTMIND 長富元気,あ、なるほど。なるほど、承知いたしました。ありがとうございます。もしあの弊社であの
00時54分09秒,00時54分18秒,株式会社VOLTMIND 長富元気,あのご一緒できるってなった場合は、もうあの弊社の拠点が大阪ですので、もうあの尼崎の拠点までお伺いさせていただきながら、あの。
00時54分18秒,00時54分19秒,E342TAN001,あ、そうなんですね。
00時54分19秒,00時54分32秒,株式会社VOLTMIND 長富元気,いろいろ。ヒアリングも。より現地でやった方がより解像度も僕らとしても上がるかなと思うので、なんか？もしこうご一緒していただけるってなれば、あのそういった形でやらせていただけたら嬉しいなと思っております。
00時54分32秒,00時54分34秒,E342TAN001,はい、承知しました。ありがとうござい。
00時54分34秒,00時54分43秒,株式会社VOLTMIND 長富元気,ありがとうございます。えっと、すいません。ちょここ僕がめっちゃくちゃ今回バーと喋っちゃったんですけど、何か逆にご質問とかご不明点とかあったりされますでしょうか？
00時54分43秒,00時54分47秒,E342TAN001,ありがとうございます。ちょっと質問させていただいたんでありがとうございます。今のところ質問はないです。
00時54分47秒,00時54分53秒,株式会社VOLTMIND 長富元気,ありがとうございます。えっとですね。そうしましたらですね。
00時54分53秒,00時54分54秒,E342TAN001,わかります。
00時54分54秒,00時54分55秒,株式会社VOLTMIND 長富元気,えっとー
00時54分57秒,00時55分02秒,株式会社VOLTMIND 長富元気,二週間後くらいにもう一度あのお時間この場で日程とか決めれたら。
00時55分02秒,00時55分03秒,E342TAN001,そうですね。もうはい。
00時55分03秒,00時55分04秒,株式会社VOLTMIND 長富元気,ありがとうございま。
00時55分04秒,00時55分05秒,E342TAN001,いいですか？決めさせていただいてありがとうござ。
00時55分05秒,00時55分07秒,株式会社VOLTMIND 長富元気,ちょっと今僕もカレンダーを
00時55分08秒,00時55分16秒,株式会社VOLTMIND 長富元気,今日が22日で、来週再来週が8月四の週ですかね？0。
00時55分16秒,00時55分17秒,E342TAN001,そうですね。はい。
00時55分17秒,00時55分18秒,株式会社VOLTMIND 長富元気,どこか。
00時55分19秒,00時55分20秒,E342TAN001,0は
00時55分21秒,00時55分24秒,E342TAN001,四の午前以外は私大丈夫です。
00時55分24秒,00時55分28秒,株式会社VOLTMIND 長富元気,あ、ありがとうございます。ちょっと今確認します。
00時55分28秒,00時55分29秒,E342TAN001,お願いします。
00時55分29秒,00時55分30秒,株式会社VOLTMIND 長富元気,そしたら
00時55分31秒,00時55分32秒,株式会社VOLTMIND 長富元気,えーえー
00時55分35秒,00時55分40秒,株式会社VOLTMIND 長富元気,七か八。木曜日木曜日か金曜日ってご都合いかがですか？
00時55分40秒,00時55分44秒,E342TAN001,木曜日。金曜日。はえとはい、木曜日は。
00時55分44秒,00時55分45秒,株式会社VOLTMIND 長富元気,はい。
00時55分45秒,00時55分51秒,E342TAN001,多分さっき予定入れちゃえば大丈夫で。八。は午前中が大丈夫です。
00時55分52秒,00時55分56秒,株式会社VOLTMIND 長富元気,承知いたしました。そしたら、八の午前中。
00時55分56秒,00時55分56秒,E342TAN001,はい。
00時55分56秒,00時56分00秒,株式会社VOLTMIND 長富元気,ああ、そうですね。十時からだとちょっ早いですか11時とかです。
00時56分00秒,00時56分03秒,E342TAN001,全然十時でもいいですよ。11時でもいいですけど。
00時56分03秒,00時56分06秒,株式会社VOLTMIND 長富元気,じゃあちょっと待ってくださいね。
00時56分08秒,00時56分10秒,株式会社VOLTMIND 長富元気,あ、そしたら11時でもよろしいです。か？
00時56分10秒,00時56分11秒,E342TAN001,11時。はーい。
00時56分11秒,00時56分14秒,株式会社VOLTMIND 長富元気,ありがとうございます。
00時56分22秒,00時56分29秒,株式会社VOLTMIND 長富元気,えっと、8月1月の八日の金曜日11時からですね。
00時56分29秒,00時56分31秒,E342TAN001,八日ですよね？
00時56分31秒,00時56分32秒,株式会社VOLTMIND 長富元気,はい、八日です。
00時56分33秒,00時56分39秒,株式会社VOLTMIND 長富元気,これ。ちなみに連絡取る手段はメールでやり取りさせていただいてもよろしいですかね。
00時56分39秒,00時56分40秒,E342TAN001,はいはい。もちろん。はい。
00時56分40秒,00時56分44秒,株式会社VOLTMIND 長富元気,ありがとうございます。ちなみにメールアドレス。
00時56分44秒,00時56分46秒,E342TAN001,あ、そうか。私そうか、すいません。
00時56分46秒,00時56分50秒,株式会社VOLTMIND 長富元気,このズームのチャットに貼っていただくこと可能ですか？
00時56分50秒,00時56分51秒,E342TAN001,あーもちろんはい。
00時56分51秒,00時56分53秒,株式会社VOLTMIND 長富元気,ありがとうございます。
00時56分57秒,00時57分01秒,株式会社VOLTMIND 長富元気,ちなみに私のメールアドレスがこちらになります。
00時57分09秒,00時57分11秒,E342TAN001,あ、どっちか直ししてるんですけど、すいません。
00時57分15秒,00時57分16秒,E342TAN001,はい、ありがとうござい。
00時57分18秒,00時57分19秒,株式会社VOLTMIND 長富元気,ありがとうございます。
00時57分19秒,00時57分21秒,E342TAN001,どこに置く？一回
00時57分21秒,00時57分23秒,E342TAN001,からメール送ったら確実ですね。これ。
00時57分23秒,00時57分24秒,株式会社VOLTMIND 長富元気,あ、そうですね。
00時57分24秒,00時57分25秒,E342TAN001,ありがとうござ。
00時57分25秒,00時57分26秒,E342TAN001,なんかタイポしてるかもしれない
00時57分33秒,00時57分34秒,E342TAN001,タイトルだけすいません。
00時57分34秒,00時57分36秒,株式会社VOLTMIND 長富元気,あとんでもないです。大丈夫です。
00時57分50秒,00時57分52秒,株式会社VOLTMIND 長富元気,あ、見ました。ありがとうござい。
00時57分52秒,00時57分53秒,E342TAN001,あきました。あ、よかったです。はい。
00時57分53秒,00時57分57秒,株式会社VOLTMIND 長富元気,ではちょっとこちらで今後やりさせていただければと思います。
00時57分57秒,00時57分58秒,E342TAN001,はい、よろしくお願いいたします。
00時57分58秒,00時58分07秒,株式会社VOLTMIND 長富元気,ではえっと、二週間後、またちょっとそのタイミングであの本当に簡易的なものの、でも、ちょっとあのできる限りのところでやって。
00時58分07秒,00時58分07秒,E342TAN001,ありがとうございます。
00時58分07秒,00時58分10秒,株式会社VOLTMIND 長富元気,ぜひよろしくお願いいたします。
00時58分10秒,00時58分12秒,E342TAN001,はい、こちらこそよろしくお願いいたします。よろしくお願いしま。
00時58分12秒,00時58分15秒,株式会社VOLTMIND 長富元気,本日はお時間いただきましてありがとうございました。
00時58分15秒,00時58分16秒,E342TAN001,どうもありがとうございました。
00時58分16秒,00時58分17秒,株式会社VOLTMIND 長富元気,はい、どうぞ。
00時58分17秒,00時58分17秒,吉武克のiPad,ありがとうございます。
00時58分17秒,00時58分18秒,株式会社VOLTMIND 長富元気,よろしくお願い致します。
00時58分18秒,00時58分18秒,E342TAN001,よろしくお願いしま。
00時58分18秒,00時58分21秒,株式会社VOLTMIND 長富元気,ありがとうございます。失礼いたします。
00時58分21秒,00時58分21秒,E342TAN001,よろしくお願いします。